country,year,adj_svng_gn,country_id,domestic_credit_to_private,rule_of_law,gdp_pc,fdi_stock_tuorism,fdi_stock_manuf,adj_savings,fdi_manufacturing_gdp,fdi_tourism_gdp,trade_index,control_of_corruption,di_inward_stock_BDP
Bulgaria,1997,9.9450875918283,1,8.54614591350929,,1210,,,10.0099784984036,,,86.4637364673225,,8.029511
Bulgaria,1998,11.9868659228145,1,8.94489334783974,99.787337526679,1620,,,12.0224240689783,,,77.0452030341,-0.17823214828968,10.1556403
Bulgaria,1999,1.05799311729257,1,11.4781527977635,,1560,32.055,1049.731,1.08187570069266,8.19831322143764,0.250346927272972,90.0749616578503,,18.6785361
Bulgaria,2000,-2.86785142944446,1,11.955574991096,99.8789952024818,1760,57.518999999999998,1226.329,-2.8349641056967698,8.51217061681207,0.399249745955949,77.7457041594489,-0.178624525666237,20.2054851
Bulgaria,2001,-0.574645819346903,1,14.3379989497425,,2010,63.000999999999998,1455.2170000000001,-0.55371486000520398,9.14926003544204,0.396100740640663,79.0813687477668,,21.0944669
Bulgaria,2002,2.08887715511967,1,18.7772845653807,99.9665346108377,2220,78.98,1483.671,2.1042880741048098,8.48864650898847,0.451874641534349,75.2696110143524,-0.171931698918343,22.5416417
Bulgaria,2003,1.03255328543082,1,25.8951676641625,99.8596263974905,2400,85.917000000000002,1755.712,1.06913856723804,9.33973477738146,0.457046481922025,79.0138853713576,-0.087321013212204,26.9290234
Bulgaria,2004,0.569396644361709,1,33.1446365887625,99.8874580636621,2710,98.251000000000005,1925.8620000000001,0.57493153334565195,9.13026104660085,0.465795201364158,93.063897964183,0.0682040601968765,35.2255998
Bulgaria,2005,1.4162467362324,1,39.0634464945932,99.9044128656387,3110,152.35599999999999,3217.8870000000002,1.8376724299620799,13.3856192937703,0.633763526538276,99.7142112127381,0.0187454242259264,48.9041515
Bulgaria,2006,-0.151265704679539,1,42.4504456723938,99.9064648374915,3560,243.3,4214,-0.10845577258815001,15.3739734817799,0.88763354250523,111.04746275381,-0.11058596521616,65.0508061
Bulgaria,2007,-5.02188142482986,1,58.4949875415433,99.9540448188782,4240,419.3,4804,-5.0534825120298903,14.8068363514804,1.2923618822181,123.532557660753,-0.231792405247688,79.3775512
Bulgaria,2008,3.01341515154842,1,66.9724288422769,99.8927365466952,4880,528.5,5356.6,2.91916520711453,14.3926296223394,1.42002478352059,124.688747515359,-0.274787336587906,84.9960981
Bulgaria,2009,6.95675882270079,1,68.9585685249478,99.961659591645,4930,575.9,5571.6,6.9681358003782199,14.8902868620978,1.5391119613544,92.6926456036375,-0.229267567396164,91.3204649
Bulgaria,2010,6.46834508463619,1,68.2107031712536,99.9111297652125,5080,644.6,6273.3,6.4967025487081003,16.3858133195986,1.68369044455283,103.380522321192,-0.237023547291756,87.9071341
Bulgaria,2011,8.17253680993744,1,65.2804581247926,99.871685102582,5640,817.1,6448.3,8.1746859345579903,15.5459826390099,1.96991802712885,117.41810388629,-0.269264370203018,85.1124649
Bulgaria,2012,8.33609247035271,1,65.7808393531416,99.8962054029107,5780,902.1,6524,8.3829461234608296,15.4389258269367,2.13480303318203,123.971322714174,-0.281460791826248,87.1965635
Bulgaria,2013,11.0941701275642,1,66.1961882652889,99.8697723299265,5790,918.1,6753.2,11.1218762288302,16.059848592803,2.18334226634076,129.688682986482,-0.327604949474335,86.7403524
Bulgaria,2014,9.42764313778314,1,59.2247079425182,99.9236367791891,5960,624.6,6645.5,9.4490342394424101,15.4453031064821,1.45167953055582,130.267991439052,-0.302766591310501,87.0277927
Bulgaria,2015,8.24735500039962,1,54.7772479958232,99.8743596673012,6380,662.048,7177.8860000000004,8.27016389553118,15.6680142576312,1.44512987573726,126.735524668559,-0.34570524096489,87.1609891
Bulgaria,2016,10.4272386564719,1,51.9973631333966,99.8948324322701,6840,696.97400000000005,7355.835,10.436920831501601,15.0817346517755,1.429012060111,122.853879612233,-0.259969264268875,83.5328689
Bulgaria,2017,11.7555607541001,1,49.7759304421704,99.9116796851158,7420,680.68100000000004,7826.7640000000001,11.7700847262231,14.8992560207053,1.2957641865054,129.739743496115,-0.195962429046631,80.8320909
Bulgaria,2018,10.507091912242,1,50.3391599543528,99.9301858022809,8000,611.15599999999995,8063.1769999999997,10.4957585016493,14.3409960483454,1.086989133554,128.901612634046,-0.18804033100605,78.3378964
Bulgaria,2019,11.2251663895233,1,49.5388804101478,99.993673209101,8820,705.98099999999999,8947.9169999999995,11.407641582705001,14.5357423456993,1.14685439269934,124.688701193655,-0.180789098143578,74.8197954
Bulgaria,2020,8.23352812795681,1,51.7428241396429,99.9129220694304,8840,611.76599999999996,9658.1380000000008,7.6282737158077998,15.7475723860753,0.997483093360207,110.328593685454,-0.322116583585739,78.9692615
Croatia,1997,2.55495992593194,2,31.0784617685385,,4700,,,1.8299478277810199,,,74.8939322042029,,5.5267704
Croatia,1998,4.23827903102553,2,34.5170187409554,99.6428428590298,5070,,,3.5485998896934099,,,64.9968925033006,-0.586468279361725,7.2193879
Croatia,1999,1.84596059996701,2,31.4608755675376,,4920,,,1.1300078036718399,,,66.2814285423128,,11.515861
Croatia,2000,3.56274382495067,2,31.565679632486,100.030786018819,5500,192.762,1039.027,2.8165998760558799,4.39282231308107,0.814963629158948,74.6219027631486,-0.0353819169104099,12.720427
Croatia,2001,2.17617199581936,2,35.9540730444738,,6030,299.85899999999998,1334.415,1.47183671706025,5.14278143898565,1.15564445806799,79.4554753068696,,17.0474693
Croatia,2002,2.80321147862365,2,42.7023003978425,99.8542965501547,6680,433.14699999999999,1630.18,2.1586911409290499,5.67022988208718,1.50660851116835,81.1601873386788,0.225011631846428,20.1437541
Croatia,2003,3.69933079334619,2,44.6573266661812,99.9767360109836,7200,423.762,1920.8989999999999,3.02808090683624,6.19788537699796,1.36729120225863,81.4184199843892,0.258523046970367,21.9449687
Croatia,2004,5.137683062469,2,47.3784660040118,100.085002981126,7840,567.49300000000005,2842.4850000000001,4.44051193479602,8.41618115581456,1.68026353442733,81.6075389197923,0.239370077848434,26.9505681
Croatia,2005,6.81064223924029,2,51.4697549041398,100.128532662988,8540,734.77099999999996,3517.8649999999998,6.0861455529160402,9.55913286469653,1.99660123800258,81.4696023749003,0.139555230736732,33.4697582
Croatia,2006,7.78300998933285,2,58.0099827553585,100.006076630205,9400,798.63699999999994,5130.9489999999996,7.1329825602163703,12.6577261020106,1.97018687984064,83.4865928748645,0.0449901148676872,51.2131891
Croatia,2007,7.83019314081325,2,61.0410754806193,100.087641432881,10260,852.49900000000002,6523.3310000000001,7.2129436588532796,14.7377015830473,1.92599085679483,83.2208342863778,0.0590379722416401,69.0341559
Croatia,2008,7.04064399115082,2,63.6389826814551,100.08638356626,11210,668.78499999999997,5580.3230000000003,6.38708608679128,11.5454253196875,1.38368464915511,82.0211422505019,-0.050504669547081,42.5920605
Croatia,2009,4.10980558295638,2,66.2382345479702,100.162146657705,10550,694.24,5240.6220000000003,3.5943483881824401,11.5398784936872,1.52872030179956,69.9591951852925,-0.0860949829220772,51.73284
Croatia,2010,4.27117486038593,2,67.5755360206691,100.201962456107,10610,863.42399999999998,5168.3530000000001,3.6114834241136999,11.3395680587599,1.89438593137247,72.839969506957,0.0231014657765627,53.831753
Croatia,2011,3.85219126058538,2,69.2375725296121,100.217890828848,10600,749.93499999999995,6453.165,3.0108547886369599,14.2207063608281,1.65261626267229,77.9708548244331,0.0277206785976887,50.1606772
Croatia,2012,2.68727376974945,2,69.9888157121523,100.245595872402,10420,871.93,6209.1319999999996,1.70680037912849,13.9582662235306,1.96011794696635,79.27346947047,-0.0254572927951813,52.370139
Croatia,2013,4.77315809244405,2,68.6570795800393,100.277497172356,10420,839.048,5874.598,4.1187886381911198,13.2521325470668,1.89275509734475,81.403017002247,0.107682622969151,51.0556918
Croatia,2014,5.83521012732626,2,67.2947449229465,100.30451849103,10370,1212.5139999999999,6046.9489999999996,5.4969113261578997,13.768536054701,2.76082082482088,85.596643116633,0.201164096593857,58.4034164
Croatia,2015,10.4917215003229,2,63.6046834801422,100.186839997768,10740,1697.2550000000001,5810.4350000000004,10.038220958687701,12.858862067148,3.75613322200098,90.9055096599086,0.20033498108387,52.2944842
Croatia,2016,10.0038314000323,2,59.4026191047987,100.384388208389,11320,1970.27,5604.835,9.1911958801146092,11.8630220039432,4.17021310416974,92.3799496866261,0.156147196888924,55.3016224
Croatia,2017,12.0276841973361,2,56.3368492140051,100.358838796616,12080,2240.2750000000001,6016.2650000000003,10.87350629608,12.0593544171274,4.49053860108057,97.4356669616406,0.0598645284771919,56.0013193
Croatia,2018,12.3745556965464,2,54.6316320362632,100.352704972029,12880,2181.904,6027.3069999999998,11.034659059233199,11.4394479776249,4.14111597437658,99.3650173717785,0.0469512343406677,54.4014273
Croatia,2019,12.9486259960415,2,53.114983402094,100.395375400782,13660,2317.8270000000002,6162.8059999999996,11.131405472980701,11.0898972506346,4.17090255230273,101.375238725593,0.0527426823973656,57.5188332
Croatia,2020,11.0805311589602,2,59.7717984834348,100.294179975986,12400,2064.547,6214.009,6.8132666601105196,12.3813334222167,4.11358348094398,89.8483107525661,0.177089244127274,62.1814968
Czechia,1997,7.15841144605169,3,64.5620804211415,,5340,66.94,4646.46,7.1580529963705999,8.43966965699509,0.121587506798563,84.6399130604194,,15.1982567
Czechia,1998,8.66198522090944,3,56.7905068291923,100.922848761082,5790,8.59,5608.67,8.6707087850598796,9.40506745172272,0.0144044005816527,84.4158277010735,0.52234935760498,20.5494956
Czechia,1999,6.92912591422048,3,51.4686662083114,,5940,166.3,6758.35,6.93985624858718,11.063619419227,0.272238032865634,85.9992285782893,,28.6131504
Czechia,2000,6.30452764927165,3,44.9369292654829,100.63656681776,6530,72.62,8896.8700000000008,6.3479349162579704,13.2724776894106,0.108335552818575,98.0463388969232,0.146037667989731,34.7938828
Czechia,2001,6.98667398337093,3,37.1107266570148,,7400,219.39,11539.73,6.9952184788230101,15.2429746216258,0.289795012728935,99.0124561576286,,40.5747362
Czechia,2002,6.38644671139941,3,23.6649669154234,100.864072024822,8560,429.58,13086.51,6.3914990226620896,14.9802880153106,0.491745478788243,91.334650324677,0.358057916164398,42.2213369
Czechia,2003,5.36610799982752,3,24.3340775759602,100.871043801308,8690,307.05,15019.62,5.3692129901710803,16.9407809490034,0.346324793196598,94.9735288575829,0.489982098340988,40.4378326
Czechia,2004,6.72193198605487,3,25.6796961035747,100.78319978714,9460,397,16849.48,6.7548372070852798,17.4508166121912,0.411168427455322,113.488959982229,0.384490489959717,43.5351759
Czechia,2005,8.50918590004944,3,29.2242119478293,100.867527782917,10780,340.25,19592.32,8.4994036360045406,17.7592615244515,0.308416192349586,121.297960403591,0.480226010084152,46.6131305
Czechia,2006,9.00679316068815,3,33.84078931009,100.872643530369,12130,444.39,21879,9.0006282901552108,17.5620367268086,0.356707047901023,127.028381868435,0.350346773862839,48.6594199
Czechia,2007,10.6231018386031,3,38.6820115283378,100.905903339386,13470,449.78100000000001,28541.935000000001,10.624276746427,20.5334522909834,0.323578506674155,129.77901730598,0.321369081735611,54.918441
Czechia,2008,9.44444851159409,3,43.2270471893659,100.914493978024,15540,499.63,28124.15,9.4579524481695891,17.3536814507596,0.308290912373991,123.742499121909,0.343739986419678,50.1662736
Czechia,2009,4.73715074117909,3,44.976430840195,100.962592542171,14260,461.33600000000001,27441.761999999999,4.6952102270708496,18.3450752207694,0.308407441987467,112.797244532562,0.380892634391785,58.3811245
Czechia,2010,3.67276109950917,3,46.3307595789495,100.937226951122,15020,626.41600000000005,28715.677,3.7067970229079998,18.183591683875,0.396664608264198,128.028911534811,0.384590119123459,60.8865255
Czechia,2011,3.53937424357527,3,48.3228930835879,101.025034308434,15740,411.94600000000003,29497.552,3.6145565169243201,17.855419268234,0.249358609347377,137.862818884663,0.383604437112808,56.406137
Czechia,2012,5.00440518444481,3,49.4085468212571,101.028504133225,15470,379.78899999999999,34208.682000000001,5.0543517861342098,21.0401726331568,0.233590587447187,146.528856576028,0.310179650783539,63.6307996
Czechia,2013,4.79578856655082,3,50.6079084949808,101.030306339264,15170,351.30500000000001,31358.895,4.8524397150639604,19.6654902214959,0.220307030661081,146.42241704968,0.29933762550354,61.0244298
Czechia,2014,6.26798931730118,3,49.4567294568092,101.141128182411,15000,359.87,33457.663,6.2785764434659299,21.1997196436209,0.228023789591935,157.574982178056,0.430063664913177,63.4108516
Czechia,2015,10.37917090747,3,49.5419833795206,101.137294054031,16080,543.39099999999996,35228.733999999997,10.4089193949739,20.7767805093113,0.32047463124094,155.175663480909,0.468281865119934,63.1814346
Czechia,2016,9.61827179840221,3,51.0588043502507,101.020164251328,16790,497.46600000000001,36493.264999999999,9.6106954318318305,20.566709312708,0.280359639373337,150.586267345414,0.556319892406464,65.1643165
Czechia,2017,9.27665925884135,3,50.9067076939694,101.124163508415,18330,595.55200000000002,37935.118000000002,9.3229655131523295,19.5407970322076,0.306775393558162,150.532652492994,0.568476736545563,66.9860147
Czechia,2018,9.23305139457668,3,51.3383176222557,101.055094003677,19850,601.99699999999996,40749.959000000003,9.5075060146105308,19.3154751886631,0.285346498560885,147.94852332232,0.510070621967316,67.9808715
Czechia,2019,9.15013631252874,3,50.281312971172,101.052832484245,21150,745.43200000000002,43103.188999999998,9.8148123601456803,19.1048820465786,0.330402245498475,141.771023662617,0.533790946006775,67.6059785
Czechia,2020,9.2432918832401,3,53.205621605978,101.059881210327,20170,737.43,43156.343999999997,8.5818803166208895,19.9978084321384,0.341710685041157,133.148319770557,0.555802822113037,73.7240235
Estonia,1997,,4,,,3250,20.3,384.29,..,8.41580788912036,0.444562440212192,151.051344390403,,22.7843726
Estonia,1998,,4,,100.664761245251,3630,21.66,513.46,..,10.1546849502471,0.428369251786608,156.838235827521,0.655492126941681,30.8619676
Estonia,1999,,4,,,3920,22.47,562.36,..,10.4007841831734,0.415580092104533,144.116453592933,,45.3864506
Estonia,2000,11.3961208332461,4,,100.653669953346,4400,55.45,612.79,10.2613032517935,9.92919178170977,0.898470412858902,126.495610165523,0.840922892093658,46.06585
Estonia,2001,11.1851879116966,4,,,5020,58.47,739.2,10.4380266891683,10.5794965006941,0.836827868500522,126.456987901508,,51.1370955
Estonia,2002,10.9335657186688,4,,100.824948132038,5650,52.36,758.96,10.306233437717999,9.70214506685757,0.669342673791323,123.318214706657,0.739191174507141,51.5762023
Estonia,2003,11.131854862715,4,,100.805907726288,6360,87.272000000000006,939.03399999999999,10.6866917931135,10.738689904396,0.998033026851471,122.776875234578,0.9227254986763,63.5069301
Estonia,2004,11.1748924147419,4,40.3069825129804,100.946691691875,7160,66.650000000000006,1235.71,10.634598613922901,12.638302224495,0.681667092815137,129.978208039533,0.982846856117249,75.4211199
Estonia,2005,13.6310383408678,4,56.584741436993,100.969764113426,8350,42.462000000000003,1424.1980000000001,12.8951579385978,12.5554115645359,0.374335510830182,135.938816584636,0.994831264019012,84.2832333
Estonia,2006,14.4638957984673,4,76.2371093372875,101.14090013504,10050,34.518999999999998,1684.528,13.7102025040641,12.4146246195344,0.254397924665964,136.643220946677,1.0123438835144,71.0728209
Estonia,2007,14.171970423446,4,83.7518460388649,101.173004984856,12210,25.263999999999999,1660.6130000000001,13.493159858921199,10.1248864419284,0.154036570271869,133.987601252435,0.967807710170746,69.4237652
Estonia,2008,11.6482640199829,4,89.67350228041,101.199120759964,12420,80.7,1577.8,10.776387126721,9.49446687647806,0.485615082349968,136.689051143382,0.952435076236725,66.7986236
Estonia,2009,9.1317088779833,4,101.38795640148,101.131253361702,10580,71.3,1624.4,8.2874594189970505,11.4945619484995,0.504532299266199,116.764747673625,1.00068259239197,77.8086267
Estonia,2010,8.94210460405827,4,92.8085232156644,101.159727811813,11060,69.5,1722.4,8.41454121112187,11.6843383465277,0.471470921437342,143.678224078619,0.989536285400391,78.9512975
Estonia,2011,13.3704652262291,4,78.0284238606159,101.183755517006,12540,73.7,2117,13.1541511745697,12.6939012909764,0.441918056280093,167.391979831694,1.04544830322266,75.7673353
Estonia,2012,13.7158157325284,4,72.920867825862,101.15704870224,13520,83.1,2186.1,13.144954250808199,12.2014656716918,0.463813090580297,170.759926419412,1.08829832077026,80.1058538
Estonia,2013,12.9398647063487,4,69.4841631103184,101.198387622833,14320,82.4,2067,12.2749970688548,10.9302620724665,0.435729847494553,166.452834530816,1.18153917789459,83.76166
Estonia,2014,13.9744056372578,4,67.2727851332083,101.372823953629,15240,88.7,2096.9,13.066259603039899,10.4592931036203,0.442433734699374,160.241474731979,1.2990083694458,84.0025538
Estonia,2015,13.2239925987334,4,68.9678170544436,101.331784725189,15710,101.962216,2388.0476789999998,12.3259920424253,11.5748212869703,0.494208904873155,150.937189701775,1.25554597377777,82.1272429
Estonia,2016,13.5380239646039,4,69.7998106484715,101.226433396339,16530,103.266485,2525.5039660000002,12.6041986124033,11.6126337071625,0.474834282850298,150.408696743733,1.23113560676575,83.2908005
Estonia,2017,15.5833415384592,4,64.1321118987662,101.285827517509,18120,112.173388,2626.262056,14.9565653468149,11.0191580625671,0.470652305988185,147.563722396444,1.20257091522217,81.5965669
Estonia,2018,16.4434960364321,4,62.2248106297407,101.24072766304,19570,104.19199399999999,2791.0294469999999,15.366667978731501,10.810527068639,0.403568071516828,145.920296083136,1.46872520446777,81.8941581
Estonia,2019,16.565982985067,4,59.7822970984365,101.281483411789,20930,111.73822699999999,3060.423984,15.5069854548442,11.0355938165965,0.402917273359945,143.754530253766,1.52543818950653,87.2972574
Estonia,2020,15.8755289237849,4,64.8455770833398,101.382245540619,20190,99.855411000000004,3175.6833270000002,14.2637729938878,11.8343301608005,0.372115787512344,138.466338699949,1.58086550235748,101.186029
Hungary,1997,4.03837883096382,5,23.5164513003477,,4070,,,3.9848965673186401,,,94.8487191212692,,38.8802746
Hungary,1998,4.39564254939252,5,23.3768796889882,100.87188833952,4220,165.34299999999999,5732.7809999999999,4.3995813252952303,13.229049528389,0.381547932176795,107.42990062644,0.732710957527161,40.9821727
Hungary,1999,1.03038384278647,5,25.5102063613755,,4500,212.971,7192.0110000000004,0.997173701326036,15.6230564484944,0.46263248970174,114.025774849784,,50.0519473
Hungary,2000,1.86371895960499,5,31.8847242380064,100.906141519547,5020,272.86799999999999,8470.4230000000007,1.8881872813980101,16.531373465957,0.532545165089012,137.40660123512,0.720579922199249,47.968219
Hungary,2001,3.58115029502043,5,32.6429490257506,,5890,295.416,11587.835999999999,3.61827434757069,19.3089211377744,0.492254485379045,131.045068739569,,51.7308165
Hungary,2002,4.34246171699053,5,34.3583054674881,100.975001692772,7060,332.65300000000002,13608.777,4.3584557573334104,18.9653275268539,0.46358854273169,118.320109162292,0.574014663696289,48.1836026
Hungary,2003,2.93853075692945,5,36.4622759767622,100.932617545128,7450,268.30700000000002,15204.629000000001,2.9566693740227699,20.1538418403944,0.355642800799066,116.629337013972,0.63568913936615,50.8149916
Hungary,2004,4.5083538645781,5,38.9020920831067,100.913250148296,8300,326.24299999999999,17861.781999999999,4.4845867645747903,21.289486633673,0.38884955531477,123.446305858264,0.665135562419891,53.8061548
Hungary,2005,4.54890361595492,5,43.201637021768,100.864853382111,9030,352.37200000000001,19307.922999999999,4.5160719906651403,21.1916651046588,0.38675052807383,127.813088986281,0.625532269477844,56.6951212
Hungary,2006,5.66319835202357,5,47.2190724319629,100.997733533382,9150,350.827,19608.172999999999,5.71167545787669,21.277358680139,0.380691863218318,149.008636494873,0.633171617984772,66.0784407
Hungary,2007,4.39013681575193,5,53.1584797827118,100.964174389839,10190,387.35500000000002,21549.811000000002,4.37976701424728,21.0356179777441,0.378112448492893,155.498250362114,0.595291078090668,63.5107256
Hungary,2008,5.07652826437932,5,59.3055058297012,100.926061689854,10800,417.15100000000001,17309.737000000001,5.0286753921123797,15.971520327395,0.384901034376962,158.325297842814,0.434097021818161,57.693967
Hungary,2009,5.18602311646019,5,59.7626760863865,100.796490192413,9440,351.18299999999999,17244.761999999999,5.2267262905795002,18.2218120109657,0.371080250771043,144.999897438898,0.395329833030701,72.5927785
Hungary,2010,5.85623951778825,5,60.1692854482537,100.778754115105,9980,416.78300000000002,17357.256000000001,5.8786683248992597,17.3896434850603,0.417560689352849,157.464913798909,0.303954064846039,68.2823466
Hungary,2011,5.97117288731352,5,58.3288125781048,100.76347464323,10250,445.69299999999998,10046.334000000001,6.0041266471494099,9.8306963024802,0.436126504169711,166.433183141671,0.332649558782578,64.8337587
Hungary,2012,5.32839276552578,5,50.2652048616559,100.616349279881,10110,420.32,15837.448,5.3597844749780101,15.7930412984632,0.419141462599912,165.648667943528,0.298703163862228,78.9930405
Hungary,2013,9.40247202502676,5,46.0674914219594,100.588275015354,10340,440.101,16991.585999999999,9.4617312249863303,16.613448861319,0.430306826997511,164.346110357561,0.294103175401688,77.5479442
Hungary,2014,10.8361107277172,5,42.5470145594389,100.509783029556,10770,448.31599999999997,20517.255000000001,10.8557522964845,19.301666422671,0.421754561414097,168.394596543722,0.15683402121067,77.7595217
Hungary,2015,12.0646147726834,5,35.1071462891554,100.407312750816,11460,525.90300000000002,8540.1409999999996,12.0271016289388,7.56946395304467,0.466128580464661,167.320445037758,0.119144141674042,70.0025492
Hungary,2016,12.2436406872658,5,33.4091510188334,100.438893586397,11850,656.41399999999999,23129.97,12.273292250562999,19.8917123992571,0.564514286133789,164.403927718725,0.0727236419916153,67.1734236
Hungary,2017,11.6271621829045,5,32.4358595860118,100.566326260567,12980,753.28300000000002,32767.868999999999,11.6096157872253,25.7921268252338,0.592921397216664,165.228515608639,0.090999647974968,60.8074506
Hungary,2018,14.1160705845065,5,32.3850997902031,100.584630906582,13920,798.04600000000005,33074.544000000002,14.0108715098118,24.3064052365171,0.58648214389234,163.260512262857,0.0557929798960686,59.1300202
Hungary,2019,14.7928635529736,5,33.4581689568049,100.526654005051,14950,1041.3030000000001,35538.326000000001,14.318014552202399,24.3224680848771,0.712668879906914,160.751343279331,0.0311542917042971,57.2362996
Hungary,2020,11.2175081630161,5,38.0438149410717,100.512883841991,14100,777.33299999999997,37122.684999999998,11.464943266490099,27.0097875978098,0.565573293601157,155.483814998738,0.069760337471962,60.328389
Latvia,1997,-16.6327273510075,6,,,2370,12.769,191.34299999999999,-16.622402089599301,3.31692852318488,0.221350456052992,88.4406254725737,,19.7653008
Latvia,1998,-13.8557821235495,6,,100.291580349207,2650,12.503,175.00899999999999,-13.8423439198876,2.73909871784388,0.195686800502843,90.5535728981962,0.14405956864357,20.7331441
Latvia,1999,-16.0708220421922,6,,,2950,18.353000000000002,226.59800000000001,-16.058229774400498,3.21052631488121,0.260032257376565,79.8650709941218,,25.2433331
Latvia,2000,-7.23652496493058,6,,100.197337269783,3650,39,371,-7.2140584219512798,4.29778756678341,0.451788989500143,81.5362474139149,-0.0419168248772621,25.9580924
Latvia,2001,-3.7464618906421,6,,,4010,39.700000000000003,422.1,-3.77080035998332,4.50264765801248,0.423489959779899,86.3683911333031,,28.2495111
Latvia,2002,-1.77353408125397,6,,100.341567397118,4400,38.4,405.6,-1.80007309925647,3.98868557899569,0.37762703706468,83.2063442403465,0.0108463577926159,26.3465958
Latvia,2003,-0.11481427921125,6,,100.595719277859,4590,33.299999999999997,410.7,-0.137559741743945,3.91157432350518,0.317154674878798,84.6111799534319,0.242927804589272,25.0509239
Latvia,2004,0.954267585522113,6,,100.587342560291,5180,39,391.4,0.91615651998347303,3.33845089215844,0.332650957573273,93.1356761811573,0.153246521949768,28.3532314
Latvia,2005,4.51384080165674,6,,100.618481636047,6160,40.1,534.5,4.4697585839694796,3.87546381658448,0.290750419167516,100.235751280167,0.367340832948685,30.1552414
Latvia,2006,-0.554276418209339,6,,100.669317960739,7830,52.4,562.70000000000005,-0.59487886550331204,3.24077039309712,0.30178846383204,100.132982720502,0.356723546981812,32.8379829
Latvia,2007,2.72683684226117,6,,100.759256601334,10350,71.7,735.2,2.6819746327450198,3.22576554655855,0.314591117639075,95.5732855011814,0.338474422693253,32.7594217
Latvia,2008,5.05308049489519,6,,100.809207201004,11260,85.75,838.53,4.9841781958307196,3.41817242995108,0.34955014831706,91.1764553594846,0.230154260993004,33.1250434
Latvia,2009,9.87891716841128,6,,100.814353227615,8830,86.82,917.09,9.8032475808879393,4.84667891983302,0.458830282545772,86.4124530894934,0.202161014080048,42.6616507
Latvia,2010,0.0595181343447675,6,94.6761329899746,100.787821471691,8550,56.31,1017.03,-1.9936333403695401E-2,5.66984808247214,0.313923036217227,108.604780633327,0.203808978199959,45.6236485
Latvia,2011,0.696911116408006,6,80.1767267899356,100.746999084949,9550,67.89,1113.21,0.58193142792570196,5.66058909282917,0.345215542002113,125.490446188595,0.279343724250793,47.5937262
Latvia,2012,3.81263715510586,6,64.6903195541235,100.785437643528,10870,64.239999999999995,1200.3,3.6644040052862201,5.43182223913624,0.290710872816889,128.22844171041,0.238223135471344,46.4210145
Latvia,2013,2.53009681226803,6,58.2311054415115,100.767766773701,11320,77.33,1402.45,2.4044924064633602,6.15344788532801,0.339296320704777,125.157855220953,0.32152447104454,50.7633015
Latvia,2014,1.44413170642331,6,51.3379397660236,100.872307300568,11850,187,1514,1.3107290028255301,6.40824860957089,0.791507589161002,125.279273059175,0.410171538591385,52.7516529
Latvia,2015,2.8981603143383,6,48.3067684090502,100.794479906559,12430,171,1538,2.80125116924359,6.25913129117983,0.695911216379552,122.299364735473,0.43438395857811,55.0705882
Latvia,2016,3.041765177211,6,46.7023321289815,100.959022223949,12950,144,1608,2.9357319283071099,6.33786995542207,0.567570443769141,118.910633122655,0.396033018827438,53.5684021
Latvia,2017,4.00287741937569,6,42.1205811513623,100.934731066227,13900,224,1652,3.8734526461583001,6.12205570625991,0.830109248306429,123.852311441934,0.501099586486816,54.6389766
Latvia,2018,4.58243205306429,6,36.6061690724795,100.957085430622,15130,190,1781,4.1776481091716304,6.10902255639098,0.651720542231491,123.622898695446,0.297805100679398,52.6075682
Latvia,2019,4.0364682272482,6,34.3652680820467,101.014090538025,16020,257,1880,3.7644769534145999,6.13432874781383,0.838575791589444,120.743136668005,0.480807155370712,52.3263773
Latvia,2020,5.5504834736165,6,34.4164827590327,100.956737220287,15500,251,1946,5.1018465875256398,6.60628445723908,0.852095271719943,120.197288812401,0.693269371986389,55.5458267
Lithuania,1997,0.942221182412012,7,,,2500,36.99,345.09,0.92364226223176704,3.85988260190477,0.413738611505571,100.025609013827,,10.5358498
Lithuania,1998,0.458809464028486,7,,100.594415426254,2820,45.27,448.38,0.45996868181320799,4.48031850806381,0.452348496498615,89.6582878018121,0.301575392484665,13.8304529
Lithuania,1999,-2.2076995325437,7,,,2920,51.88,652.03,-2.2091575757237298,6.34570693639341,0.504908172722252,74.8214951638714,,19.9482523
Lithuania,2000,0.944718094018904,7,,100.292086392641,3560,57.5,721.48,0.92317108551738702,5.78310080781323,0.460897455853607,83.3785893281736,0.370262295007706,20.1127634
Lithuania,2001,3.28061507308035,7,,,3940,64.05,774.57,3.2701574308654702,5.66848318841697,0.468732778468192,93.6656971630274,,22.121333
Lithuania,2002,5.68735713508167,7,,100.452794373035,4400,57.16,1119.08,5.6779012250585499,7.38499257430151,0.37720822063398,100.490621074193,0.208880379796028,25.1975223
Lithuania,2003,5.52262403195524,7,,100.541342377663,4880,65.180000000000007,1233.98,5.4984876684614203,7.41107664545795,0.391460133673924,98.2349064828604,0.353011250495911,23.8287993
Lithuania,2004,5.76993671252726,7,,100.607005834579,5390,56.5,1593.84,5.7573774165354301,8.74814711985803,0.310112879757051,104.604018876523,0.369521200656891,25.7404668
Lithuania,2005,7.7349851255562,7,,100.628722906113,6310,61.51,2739.11,7.7183827064758503,13.0558772920748,0.293185382199153,117.483577036961,0.311570793390274,32.9872878
Lithuania,2006,7.42557964623114,7,,100.716303348541,7360,58.44,3333.6,7.4238211106792402,13.8592209800734,0.242960425388616,124.335443328732,0.155884757637978,34.8274457
Lithuania,2007,8.61843422562553,7,,100.726696848869,8980,76.23,3645.23,8.6254010244392294,12.5649059673505,0.262760589013898,116.387387927408,0.10320233553648,35.4437252
Lithuania,2008,6.44115560006703,7,,100.722482919693,10210,89.05,2060.41,6.4445111226856104,6.30864571755751,0.272656850407684,126.849087602913,0.112552218139172,29.1907251
Lithuania,2009,4.1080743396601,7,,100.728031814098,8500,53.77,2339.39,4.0956378745373101,8.69758709149719,0.199910770717924,105.338778299376,0.226648017764091,38.2580957
Lithuania,2010,7.66529339300748,7,58.6255900147511,100.782381057739,9050,61.22,2682.57,7.69052880028394,9.56905592534726,0.218379242200487,129.887382863414,0.37242180109024,41.2594796
Lithuania,2011,8.74320995220728,7,49.5000058753716,100.774932444096,10340,58.4,3066.22,8.7548921359333196,9.79084975668323,0.186478995567931,148.447219109978,0.319815337657928,39.8481026
Lithuania,2012,8.32004101126565,7,46.5187793307084,100.8503729105,11180,57.28,3368.31,8.3435176588582394,10.0816816421332,0.171444648640236,155.843160657432,0.386670023202896,40.2134079
Lithuania,2013,11.2570127186265,7,43.0171160061714,100.835919260979,11850,56.97,3313.24,11.275271886688801,9.45572853493914,0.162587936471696,155.886790868636,0.419104278087616,40.405685
Lithuania,2014,13.0033948096518,7,40.8159237376703,100.939102828503,12470,63.88,2763.54,13.0160911723918,7.55451555849573,0.174624739962768,142.721642753591,0.553784787654877,38.0271341
Lithuania,2015,8.4224188525884,7,41.55766482126,101.007931232452,12860,69.84,2868.52,8.4289917485788894,7.68099138588914,0.187009481680622,138.552317324475,0.583111226558685,39.466632
Lithuania,2016,7.78077445470638,7,42.6897889223675,101.029407262802,13560,59.77,2465.67,7.78173067208827,6.34012944234879,0.153690289766752,134.453858437451,0.676848351955414,39.4485972
Lithuania,2017,10.0578121931193,7,40.9780449787265,100.996106743813,14950,74.97,2929.44,10.0522241164477,6.9292724292334,0.177333399564295,144.873355393449,0.518894791603088,38.6991293
Lithuania,2018,11.2027085118768,7,40.3736779877966,100.957460165024,16250,124.87,2976.65,11.226201191304201,6.53996062819127,0.274350321214198,148.594780129181,0.46633306145668,37.2607832
Lithuania,2019,11.5829198547879,7,39.0504518329664,101.023039102554,17490,143.71,3372.07,11.921433414909099,6.90150818974251,0.294126676477029,149.176211356567,0.666612505912781,42.2994742
Lithuania,2020,10.867671843201,7,37.6409721062319,100.993899405003,17710,153.35,3206.26,11.401504699094399,6.47635091461444,0.309752924827096,136.91260704252,0.778642654418945,48.0999332
Poland,1997,8.24856903372002,8,20.5441532008374,,3680,31.41,5106.8900000000003,8.2017869487652604,3.62116967193628,0.0222720558687418,50.545751671508,,9.3633396
Poland,1998,8.0679489222216,8,22.3285857605711,100.857505559921,4040,47.01,7489.61,8.1312385140574506,4.83978649273716,0.0303778652057415,56.7391365221388,0.788555204868317,12.4270735
Poland,1999,6.65487175988605,8,25.1877012660667,,4170,131.85,11051.52,6.6688343388963602,6.9255296339655,0.0826249314337169,54.1116036351237,,16.2599097
Poland,2000,5.43528641702496,8,26.4304332256043,100.714186131954,4880,186.5,14199.36,5.4513304551753698,7.60389678215728,0.0998725822764077,60.868583521603,0.695001423358917,19.7024775
Poland,2001,4.38363781167098,8,23.5600981244914,,5560,254.67,16474.91,4.3925816793357004,7.74072955352551,0.119656592685261,58.1567606852042,,21.9353975
Poland,2002,2.88881231064786,8,12.8693802372281,100.709306895733,5510,275,16378.73,2.8984932905549101,7.7786535447538,0.130604126498654,60.9873752483951,0.381513625383377,21.9125229
Poland,2003,3.51491194746892,8,13.3339218935917,100.561390340328,5040,288.3,16498.7,3.5564241522778399,8.56843642227046,0.149725749334225,69.4462150830076,0.401545792818069,23.835633
Poland,2004,2.50100664044221,8,26.27868021447,100.422649770975,5400,427.5,23849.4,2.53617074019748,11.5703038524653,0.207397456411017,71.4456574975003,0.106035828590393,30.7249022
Poland,2005,5.69634188758993,8,27.1164931905142,100.480804860592,6450,454.9,28072.799999999999,5.4912930973883602,11.401661171293,0.184755908453064,70.5305240628754,0.247518658638,30.5547851
Poland,2006,5.99917111274692,8,31.2137949993969,100.404506027699,7200,512.20000000000005,32475.8,5.5622366058610302,11.8308211768706,0.186592681528804,77.9707152682127,0.256550550460815,33.1772134
Poland,2007,7.77597180197849,8,37.1171394213765,100.428653359413,8230,654.70000000000005,40467.4,7.7597500736009799,12.8939343044412,0.208603932773484,80.8314554512475,0.283813983201981,36.9541532
Poland,2008,8.378535826195,8,47.2831916712496,100.546503126621,9600,538.20000000000005,36016,8.0882367339273902,9.83934715390933,0.147032891998945,80.905760942025,0.452767491340637,28.7823306
Poland,2009,7.15609074652479,8,47.0388659098777,100.628405749798,8240,573.6,40905.800000000003,7.1027725485538298,12.9023844376011,0.180923187259704,75.2677975984403,0.435099840164185,36.6333812
Poland,2010,6.24461289692567,8,48.6966804990725,100.685299158096,9400,853.3,50445.1,5.6273451651802304,13.9277656036174,0.23559399009154,82.5532220462252,0.513736724853516,24.4584751
Poland,2011,7.63967509706417,8,51.4405037914047,100.766213417053,9860,795.6,49637.1,7.4126562151106299,13.0672099401296,0.209445600737495,87.2838705981626,0.562475681304932,33.7414818
Poland,2012,8.00113845498044,8,50.2879068054171,100.779871344566,10070,784.9,56427.5,7.63798460100484,14.5451552473088,0.202321427559482,89.2676372308229,0.659753620624542,39.1403869
Poland,2013,8.26374228263429,8,51.3832919177713,100.799631536007,10190,597.6,49601.9,7.6430922857661603,12.64352588837,0.152328259016084,90.7793630676402,0.645880937576294,42.8577973
Poland,2014,8.9590253446352,8,52.590983843073,100.820153713226,10630,591.6,50938,8.54247336715712,12.4552590629989,0.144656862493033,92.5686482977292,0.682209432125092,42.8180437
Poland,2015,10.3426370024499,8,53.5650753534483,100.783025324345,11190,892.3,55110.5,9.9190131565739001,12.8025266085613,0.207287077649798,92.8187888489723,0.694760024547577,39.6099558
Poland,2016,9.54160038220617,8,54.4178199257628,100.609927594662,11110,914.6,55960.1,9.2435142733643207,13.1025925225129,0.214145991895839,97.5399375676194,0.759663045406342,41.9777461
Poland,2017,10.1683736244845,8,52.4582188975468,100.441421687603,12170,1201,64890,9.1066013828757999,13.8823937663161,0.256938741151882,101.281222355928,0.698802173137665,43.0764488
Poland,2018,10.2320572764374,8,52.5337782899807,100.420490920544,12960,1488,63651.7,9.7731379906413895,12.7855143774263,0.298889823737784,103.450495789807,0.623056650161743,40.2174646
Poland,2019,11.0463887425289,8,50.6817768540803,100.431260377169,13900,2273.1999999999998,70765.2,10.8270710684519,13.2618461598845,0.426012060880904,102.688713790566,0.610989212989807,40.2913474
Poland,2020,10.6934040466588,8,50.0341692110909,100.539886176586,13730,2210.3000000000002,66789.2,11.0646124928818,12.6868286905999,0.419853770592148,100.324211437704,0.618777275085449,38.654677
Romania,1997,-12.3051371842651,9,8.29243806887032,,1400,,,-12.872031847038301,,,63.205242332383,,6.7522429
Romania,1998,-12.5246985613566,9,11.6679231619366,99.8943163603544,1650,,,-12.5249583822371,,,53.838795710082,-0.649806618690491,10.2120179
Romania,1999,-12.5373137242675,9,7.98718944099379,,1510,,,-12.558408573060101,,,57.9736750449875,,16.1001168
Romania,2000,-8.23700987196758,9,7.12522458023743,99.7950793802738,1810,,,-8.3271008329976102,,,48.5213253850786,-0.510619759559631,17.1589661
Romania,2001,-6.94502512147608,9,8.65337656761909,,2040,,,-7.0712364024580898,,,51.9285910211481,,19.1743709
Romania,2002,-6.64044226702039,9,10.0898585093074,99.7398980557919,2250,,,-6.7795334846676703,,,53.7102478139376,-0.440713196992874,15.3648017
Romania,2003,-7.25343604979147,9,14.1322681192345,99.7910102903843,2370,109,4917,-7.3155407942644404,9.62070529227445,0.213271685348366,56.1795270470244,,18.9029152
Romania,2004,-4.94313017222109,9,15.7819282736445,99.8253068625927,2820,29,6876,-5.0281351721868601,11.3837384133143,0.0480116948787251,60.6264786669408,-0.410669893026352,24.8998583
Romania,2005,-4.47620606917261,9,20.0582548606141,99.8617716580629,3720,42,8170,-4.59605470342819,10.3125416794606,0.0530142901514497,59.3605494490555,-0.322501838207245,27.6229697
Romania,2006,-0.151277428593453,9,26.005425621115,99.8821256235242,4590,283,11782,-2.59903578696184E-2,12.1194598243851,0.291105680724918,61.6836259265159,-0.260543018579483,35.5004921
Romania,2007,1.26917861047802,9,33.9999546690076,99.9092599526048,6110,270,14071,1.2894137780094399,11.0246623196969,0.211545648945928,63.5051566734658,-0.209158509969711,33.5109462
Romania,2008,8.00010298562853,9,35.9147042445964,99.9863899294287,7140,182,15235,7.6588589921403702,10.3928890441648,0.12415528756403,65.1748146561928,-0.230330780148506,31.7428233
Romania,2009,7.3919719833598,9,37.0103192975854,100.045407757163,6150,214,15553,7.4680602689970801,12.4211452786055,0.170907547715655,58.4728337688248,-0.18621614575386,38.994873
Romania,2010,4.83705417336404,9,39.1504433060966,100.090695120394,6200,418,16842,4.9840974301143204,13.4228809994801,0.333141209938408,69.833231637408,-0.3098004758358,40.0798634
Romania,2011,4.23351008723995,9,39.3310689701138,100.092715516686,6540,431,17372,4.2658359948068103,13.1764136728943,0.326907338994787,76.142606827993,-0.352394610643387,38.7833599
Romania,2012,3.16521701419731,9,37.7480036331586,100.080230720341,6620,348,18510,3.2473064217936201,13.9475783251487,0.262223514702958,76.5392333462156,-0.333498507738113,41.5238953
Romania,2013,6.32831224837418,9,33.9902480773041,100.167006224394,7190,383.89,18580.86,6.2924929312188,12.9311786109438,0.26716471449412,81.4016211768502,-0.381443470716476,42.4267389
Romania,2014,6.47879118268463,9,31.0486775927391,100.208448961377,7570,617.91999999999996,19431.82,6.9034578089220897,12.8936353116611,0.410009722804226,83.3787079346797,-0.300762176513672,41.189118
Romania,2015,6.93042548933282,9,29.9298023655138,100.195314854383,8080,534.95000000000005,19974.79,7.5093644365000003,12.4725666762987,0.334031023279142,83.5211627751621,-0.223876476287842,40.3419603
Romania,2016,4.66586394311161,9,28.1276790108066,100.424577832222,8630,418.34,22493.279999999999,4.9608744512696097,13.2264118184679,0.24599067455426,85.8939786447949,-0.170360878109932,42.2354734
Romania,2017,3.77451125620292,9,26.4733933281167,100.419511139393,9580,449.4,24248,4.4953678926015002,12.9134884811789,0.239331974737784,87.1561566741587,-0.177830174565315,40.6925813
Romania,2018,1.61463853004026,9,25.7273912297467,100.359745979309,10500,527.70000000000005,25032.1,2.66451922466837,12.2408221882616,0.258047941193333,86.470670301064,-0.141028061509132,39.366819
Romania,2019,5.86583402415212,9,24.7353757394427,100.401676088572,11520,605,25596,4.1429798471260302,11.4696669188606,0.271102847550816,84.5030610232464,-0.226688459515572,39.3901332
Romania,2020,5.49292340925704,9,25.9700775707578,100.368868052959,11360,651.5,26475.3,6.0369721647564596,12.0967312062677,0.297674450558952,78.0591133789941,-0.236526757478714,41.1693474
Slovenia,1997,10.8796881919208,11,,,9250,13.86,846.13,10.879749209546,4.60346088374983,0.0754068143769546,96.2613100060991,1.11418783664703,10.8801261
Slovenia,1998,11.0248941397107,11,,101.25809442997,9960,16.5,1254.82,11.0285377350276,6.35325332597353,0.0835408105374183,96.6841408755005,,11.9969667
Slovenia,1999,10.8689114681719,11,,,10750,17.47,1291.26,10.873116550634,6.05643305435294,0.0819400317980468,92.5418647979272,1.16277480125427,12.5466277
Slovenia,2000,9.52901348932019,11,,101.035778641701,10990,18.829999999999998,1274.58,9.5445476146180006,5.8288386132748,0.0861123123601222,103.947770560229,,14.221565
Slovenia,2001,10.3833233957091,11,,,11670,21.8,1340.5,10.3876178761913,5.76581119642488,0.0937670153540189,104.534076563023,0.827235400676727,12.6456434
Slovenia,2002,10.7650766657894,11,,100.988783419132,12520,17.100000000000001,1730,10.7667827366593,6.9276561642745,0.0684756765370485,103.651280553018,,15.8090715
Slovenia,2003,10.6183365772428,11,,100.973960161209,13150,15.1,2446.1999999999998,10.6271519977746,9.31972698482348,0.0575291789186634,102.324625859168,0.773913145065308,19.2276993
Slovenia,2004,10.9771911702183,11,0.186169862148389,100.928005456924,13860,17.3,2609.1,10.9771702367422,9.42183537026623,0.0624727882816319,111.556541038575,0.898586511611938,20.1487381
Slovenia,2005,11.6196958079759,11,52.2885501853552,100.893384456635,14560,25.5,2661.9,11.6199949553996,9.1404063741581,0.0875616524065636,120.262617804629,1.01579594612122,21.0614961
Slovenia,2006,13.8199625641983,11,60.0103125669976,100.910226941109,15680,21.8,2529,13.8252141646668,8.03467622645457,0.0692589726123803,129.788393459099,0.902103662490845,21.6745637
Slovenia,2007,14.7461469599202,11,71.0613177098943,100.923824250698,17370,24,2622.3,14.756855975718199,7.47658488602506,0.0684277303377194,137.127148234266,1.02647280693054,27.8418179
Slovenia,2008,13.3853455090173,11,76.4032345561577,101.008982419968,18760,38.9,2926.1,13.3972553412535,7.71534869494828,0.102568970381562,134.73152161893,1.00999546051025,22.6706429
Slovenia,2009,7.1424718687707,11,83.0735364602996,101.075426340103,17760,27.7,2460.9,7.1521121267137797,6.78777213562856,0.0764034654625995,113.121871683813,0.93939745426178,21.5910125
Slovenia,2010,6.08464239861647,11,85.0564772890615,101.008412599564,17750,29.7,2349.1,6.09339351290033,6.4599781651583,0.081674407860543,127.491480632624,1.05151796340942,21.9528158
Slovenia,2011,5.61372903108055,11,81.8465764287876,101.052815198898,18050,30,2508.5,5.6168476017944098,6.76900908291193,0.0809528692395288,139.277906278572,0.917391359806061,23.9623191
Slovenia,2012,3.35692625549385,11,79.2722102435333,101.014948010445,17630,31.4,2800.4,3.3683070101410499,7.72453817997258,0.0866128049032778,142.384430845304,0.941719472408295,25.5110569
Slovenia,2013,4.38254231700169,11,65.3461139996719,101.000704407692,17700,27.8,2963.6,4.3895521291547199,8.12963079801285,0.076259865091361,143.75635401147,0.832158982753754,24.4045284
Slovenia,2014,7.23668902344473,11,54.5010651455858,101.001440644264,18250,28.3,3305,7.2450433769437197,8.78188248486088,0.0751973598552384,145.549750211855,0.722276329994202,27.1071868
Slovenia,2015,5.84450118968005,11,49.886647345286,100.974454820156,18830,86.5,3971.5,5.8511755297223296,10.2219671270391,0.222636322923048,146.295856696074,0.721844375133514,29.8873177
Slovenia,2016,6.38524694432681,11,46.64183860547,101.082728505135,19590,97.6,4218.7,6.3873578028351004,10.4311726075088,0.24132610673735,146.657774528668,0.737542390823364,32.0709044
Slovenia,2017,10.4198824184958,11,45.0622567225819,101.026973962784,20820,102.3,4642.5,10.426744063481999,10.7936751504837,0.237844473429076,157.27443872417,0.785221040248871,32.4493796
Slovenia,2018,11.914729896817,11,43.3189912256058,101.058605313301,22140,120.6,5462,12.040302975863,11.9090706913017,0.262950187728119,161.142403438809,0.776947557926178,33.2507199
Slovenia,2019,11.6709433745781,11,42.4552249993052,101.118610501289,23170,141.19999999999999,5554,11.8035882150751,11.4759890653702,0.291755429605738,158.638466880546,0.836427569389343,33.3016345
Slovenia,2020,11.2094866376348,11,43.3690908611156,101.06648850441,22310,108.4,5545.4,11.5973096460067,11.8193443880813,0.231041391363656,146.586292565221,0.888942241668701,35.4210552
